Matched_Name,Matched_ID,Matched_Qualifier,Orthogroup,Amphilophus_citrinellus.Midas_v5.pep.all,Astatotilapia_calliptera.fAstCal1.3.pep.all,Danio_rerio.GRCz11.pep.all,Haplochromis_burtoni.AstBur1.0.pep.all,Maylandia_zebra.M_zebra_UMD2a.pep.all,Neolamprologus_brichardi.NeoBri1.0.pep.all,Oreochromis_niloticus.O_niloticus_UMD_NMBU.pep.all,Oryzias_latipes.ASM223467v1.pep.all,Pundamilia_nyererei.PunNye1.0.pep.all
rbpjb,ENSDARP00000087012,involved_in,OG0000661,"ENSACIP00000018523.1, ENSACIP00000018528.1, ENSACIP00000025163.1","ENSACLP00000013122.2, ENSACLP00000017664.2, ENSACLP00000017688.2, ENSACLP00000052189.1, ENSACLP00000056091.1, ENSACLP00000074417.1, ENSACLP00000081749.1, ENSACLP00000085688.1","ENSDARP00000026585.8, ENSDARP00000087012.5","ENSHBUP00000013207.1, ENSHBUP00000013213.1, ENSHBUP00000018115.1","ENSMZEP00005028585.1, ENSMZEP00005028588.1, ENSMZEP00005031826.1, ENSMZEP00005031827.1","ENSNBRP00000001104.1, ENSNBRP00000001111.1, ENSNBRP00000022420.1","ENSONIP00000027573.1, ENSONIP00000031994.1, ENSONIP00000037492.1, ENSONIP00000054797.1, ENSONIP00000059194.1, ENSONIP00000059548.1, ENSONIP00000069029.1, ENSONIP00000070127.1, ENSONIP00000073954.1, ENSONIP00000077856.1","ENSORLP00000006149.2, ENSORLP00000006152.2, ENSORLP00000006154.2, ENSORLP00000008785.2, ENSORLP00000031774.1, ENSORLP00000039604.1, ENSORLP00000042756.1","ENSPNYP00000019929.1, ENSPNYP00000028183.1, ENSPNYP00000028196.1"
"epas1b, epas1a, epas1a","ENSDARP00000074832, ENSDARP00000021260, ENSDARP00000124584","acts_upstream_of_or_within, acts_upstream_of_or_within, acts_upstream_of_or_within",OG0000839,"ENSACIP00000010164.1, ENSACIP00000010269.1, ENSACIP00000010355.1, ENSACIP00000010394.1, ENSACIP00000010429.1, ENSACIP00000010478.1, ENSACIP00000010574.1","ENSACLP00000041130.2, ENSACLP00000041132.2, ENSACLP00000045000.1, ENSACLP00000056836.1, ENSACLP00000059657.1, ENSACLP00000061344.1, ENSACLP00000066649.1, ENSACLP00000072867.1","ENSDARP00000021260.9, ENSDARP00000074832.5, ENSDARP00000124584.1, ENSDARP00000151831.1, ENSDARP00000155554.1","ENSHBUP00000018600.1, ENSHBUP00000018737.1, ENSHBUP00000018877.1, ENSHBUP00000018986.1, ENSHBUP00000018991.1, ENSHBUP00000019057.1, ENSHBUP00000019950.1, ENSHBUP00000034149.1, ENSHBUP00000034333.1","ENSMZEP00005036550.1, ENSMZEP00005036552.1",ENSNBRP00000010776.1,"ENSONIP00000001884.1, ENSONIP00000042880.1, ENSONIP00000070298.1, ENSONIP00000081362.1",ENSORLP00000004403.2,"ENSPNYP00000015532.1, ENSPNYP00000015553.1"
appb,ENSDARP00000072374,acts_upstream_of_or_within,OG0001448,ENSACIP00000029517.1,"ENSACLP00000005093.2, ENSACLP00000005131.1, ENSACLP00000005179.2, ENSACLP00000044023.1, ENSACLP00000044704.1, ENSACLP00000053888.1, ENSACLP00000055672.1, ENSACLP00000078611.1, ENSACLP00000082244.1","ENSDARP00000072367.5, ENSDARP00000072374.4, ENSDARP00000110143.2, ENSDARP00000112424.2, ENSDARP00000151804.1","ENSHBUP00000020666.1, ENSHBUP00000020678.1, ENSHBUP00000035035.1","ENSMZEP00005029934.1, ENSMZEP00005029936.1, ENSMZEP00005029937.1",ENSNBRP00000007807.1,"ENSONIP00000017971.2, ENSONIP00000017972.2, ENSONIP00000032632.1, ENSONIP00000032889.1, ENSONIP00000032905.1, ENSONIP00000051995.1","ENSORLP00000011186.2, ENSORLP00000034881.1","ENSPNYP00000025238.1, ENSPNYP00000025256.1, ENSPNYP00000025285.1"
fbxw7,ENSDARP00000112746,acts_upstream_of_or_within,OG0001577,"ENSACIP00000020303.1, ENSACIP00000020330.1, ENSACIP00000027389.1","ENSACLP00000038704.2, ENSACLP00000071705.1, ENSACLP00000080286.1, ENSACLP00000082949.1","ENSDARP00000112746.1, ENSDARP00000121723.2, ENSDARP00000144844.1, ENSDARP00000145606.1, ENSDARP00000147360.1, ENSDARP00000152703.1, ENSDARP00000153248.1, ENSDARP00000154613.1",ENSHBUP00000008208.1,ENSMZEP00005011247.1,"ENSNBRP00000002548.1, ENSNBRP00000007655.1","ENSONIP00000012654.1, ENSONIP00000014727.2, ENSONIP00000034192.1, ENSONIP00000043872.1, ENSONIP00000047752.1, ENSONIP00000049405.1, ENSONIP00000049434.1, ENSONIP00000055529.1, ENSONIP00000069022.1","ENSORLP00000003545.2, ENSORLP00000009720.2, ENSORLP00000028462.1",ENSPNYP00000018459.1
arrb1,ENSDARP00000105997,acts_upstream_of_or_within,OG0001620,ENSACIP00000029982.1,"ENSACLP00000015141.2, ENSACLP00000015153.2, ENSACLP00000015164.1, ENSACLP00000069888.1, ENSACLP00000083964.1, ENSACLP00000084198.1",ENSDARP00000105997.2,"ENSHBUP00000014433.1, ENSHBUP00000014452.1","ENSMZEP00005000752.1, ENSMZEP00005000764.1","ENSNBRP00000027398.1, ENSNBRP00000027467.1, ENSNBRP00000027492.1, ENSNBRP00000027521.1, ENSNBRP00000027563.1, ENSNBRP00000027575.1, ENSNBRP00000027584.1, ENSNBRP00000027595.1","ENSONIP00000019494.2, ENSONIP00000027491.1, ENSONIP00000031556.1, ENSONIP00000031744.1, ENSONIP00000034790.1, ENSONIP00000036435.1, ENSONIP00000050784.1, ENSONIP00000056290.1, ENSONIP00000070703.1, ENSONIP00000081569.1",ENSORLP00000025743.2,ENSPNYP00000013059.1
jag1b,ENSDARP00000008197,involved_in,OG0001683,ENSACIP00000009678.1,"ENSACLP00000036664.2, ENSACLP00000036694.1, ENSACLP00000036723.2, ENSACLP00000044510.1, ENSACLP00000048950.1, ENSACLP00000051509.1, ENSACLP00000064521.1, ENSACLP00000067739.1, ENSACLP00000070262.1, ENSACLP00000080328.1",ENSDARP00000008197.6,"ENSHBUP00000034279.1, ENSHBUP00000034282.1","ENSMZEP00005012342.1, ENSMZEP00005012347.1",ENSNBRP00000016504.1,"ENSONIP00000012625.2, ENSONIP00000039138.1, ENSONIP00000047641.1, ENSONIP00000047710.1, ENSONIP00000050325.1, ENSONIP00000051241.1, ENSONIP00000053901.1, ENSONIP00000056677.1, ENSONIP00000078429.1","ENSORLP00000015235.2, ENSORLP00000015240.2, ENSORLP00000015243.2","ENSPNYP00000019533.1, ENSPNYP00000025058.1"
"adam10a, adam10a","ENSDARP00000142998, ENSDARP00000090413","involved_in, involved_in",OG0002521,ENSACIP00000002623.1,"ENSACLP00000004063.2, ENSACLP00000045440.1, ENSACLP00000048514.1, ENSACLP00000062330.1, ENSACLP00000065199.1, ENSACLP00000067587.1, ENSACLP00000070173.1, ENSACLP00000072020.1, ENSACLP00000083878.1, ENSACLP00000085973.1","ENSDARP00000090413.6, ENSDARP00000142998.1",ENSHBUP00000028536.1,ENSMZEP00005018401.1,ENSNBRP00000013024.1,"ENSONIP00000007349.2, ENSONIP00000027772.1, ENSONIP00000037679.1, ENSONIP00000045176.1, ENSONIP00000054391.1, ENSONIP00000056240.1, ENSONIP00000059655.1, ENSONIP00000065940.1, ENSONIP00000068062.1, ENSONIP00000081156.1",,ENSPNYP00000018457.1
kif3a,ENSDARP00000107221,acts_upstream_of,OG0002563,ENSACIP00000008277.1,"ENSACLP00000009875.1, ENSACLP00000049380.1, ENSACLP00000053289.1, ENSACLP00000061503.1, ENSACLP00000061923.1, ENSACLP00000074527.1, ENSACLP00000075489.1, ENSACLP00000075519.1","ENSDARP00000107221.2, ENSDARP00000146551.1, ENSDARP00000152119.1",ENSHBUP00000021916.1,ENSMZEP00005015503.1,ENSNBRP00000016808.1,"ENSONIP00000022564.1, ENSONIP00000022565.2, ENSONIP00000036891.1, ENSONIP00000037401.1, ENSONIP00000039484.1, ENSONIP00000045695.1, ENSONIP00000049297.1","ENSORLP00000010922.2, ENSORLP00000010923.2, ENSORLP00000042181.1","ENSPNYP00000000342.1, ENSPNYP00000000343.1"
si:dkey-3h3.3,ENSDARP00000117915,involved_in,OG0003405,"ENSACIP00000028706.1, ENSACIP00000028710.1, ENSACIP00000028715.1, ENSACIP00000028749.1",ENSACLP00000002986.2,"ENSDARP00000117915.1, ENSDARP00000153359.1","ENSHBUP00000025315.1, ENSHBUP00000030731.1, ENSHBUP00000034975.1",ENSMZEP00005009371.1,ENSNBRP00000027006.1,"ENSONIP00000024118.2, ENSONIP00000058552.1, ENSONIP00000064964.1, ENSONIP00000065053.1, ENSONIP00000072714.1","ENSORLP00000018319.2, ENSORLP00000026427.1, ENSORLP00000038666.1, ENSORLP00000039326.1, ENSORLP00000042506.1","ENSPNYP00000027937.1, ENSPNYP00000027945.1, ENSPNYP00000028005.1"
"numbl, numbl, numbl","ENSDARP00000130879, ENSDARP00000148601, ENSDARP00000143561","acts_upstream_of_or_within, acts_upstream_of_or_within, acts_upstream_of_or_within",OG0003832,ENSACIP00000002357.1,"ENSACLP00000017015.2, ENSACLP00000017025.2, ENSACLP00000017059.2","ENSDARP00000130879.1, ENSDARP00000143561.1, ENSDARP00000148601.1, ENSDARP00000152197.1, ENSDARP00000157250.1","ENSHBUP00000000184.1, ENSHBUP00000000186.1, ENSHBUP00000021559.1",ENSMZEP00005007029.1,ENSNBRP00000001968.1,"ENSONIP00000020972.2, ENSONIP00000027959.1, ENSONIP00000044279.1, ENSONIP00000059939.1, ENSONIP00000063759.1, ENSONIP00000067491.1",ENSORLP00000011072.2,"ENSPNYP00000003500.1, ENSPNYP00000003591.1"
adam10a,ENSDARP00000141214,involved_in,OG0004018,ENSACIP00000019742.1,"ENSACLP00000013400.2, ENSACLP00000055721.1, ENSACLP00000068810.1, ENSACLP00000069386.1, ENSACLP00000070238.1, ENSACLP00000080694.1, ENSACLP00000082111.1, ENSACLP00000085721.1","ENSDARP00000141214.2, ENSDARP00000142876.2",ENSHBUP00000001443.1,ENSMZEP00005037089.1,ENSNBRP00000015237.1,"ENSONIP00000010496.2, ENSONIP00000035349.1, ENSONIP00000044992.1, ENSONIP00000058774.1, ENSONIP00000063282.1, ENSONIP00000075285.1",ENSORLP00000006688.2,"ENSPNYP00000027544.1, ENSPNYP00000027548.1"
llgl1,ENSDARP00000024810,acts_upstream_of_or_within,OG0004035,ENSACIP00000020997.1,"ENSACLP00000018044.2, ENSACLP00000018102.2, ENSACLP00000043778.1, ENSACLP00000064061.1, ENSACLP00000065755.1, ENSACLP00000079028.1","ENSDARP00000024810.10, ENSDARP00000117251.1","ENSHBUP00000012310.1, ENSHBUP00000012322.1","ENSMZEP00005008003.1, ENSMZEP00005008042.1","ENSNBRP00000007657.1, ENSNBRP00000007691.1","ENSONIP00000019692.2, ENSONIP00000031704.1, ENSONIP00000050005.1, ENSONIP00000062267.1","ENSORLP00000016576.2, ENSORLP00000030794.1","ENSPNYP00000025824.1, ENSPNYP00000025832.1"
adam17a,ENSDARP00000147741,involved_in,OG0004145,ENSACIP00000031029.1,,"ENSDARP00000063436.3, ENSDARP00000147741.1","ENSHBUP00000012300.1, ENSHBUP00000012323.1, ENSHBUP00000012345.1, ENSHBUP00000029558.1",ENSMZEP00005008460.1,ENSNBRP00000013366.1,"ENSONIP00000004670.2, ENSONIP00000004671.2, ENSONIP00000029608.1, ENSONIP00000043336.1, ENSONIP00000043412.1, ENSONIP00000051104.1, ENSONIP00000060524.1, ENSONIP00000072270.1, ENSONIP00000081281.1, ENSONIP00000081390.1","ENSORLP00000019187.2, ENSORLP00000039739.1","ENSPNYP00000028193.1, ENSPNYP00000028214.1"
pappa2,ENSDARP00000104154,acts_upstream_of_or_within,OG0004187,"ENSACIP00000001090.1, ENSACIP00000001110.1, ENSACIP00000001147.1","ENSACLP00000006816.2, ENSACLP00000006880.2, ENSACLP00000057037.1",ENSDARP00000104154.2,ENSHBUP00000004731.1,"ENSMZEP00005019948.1, ENSMZEP00005019964.1",ENSNBRP00000001767.1,"ENSONIP00000020991.2, ENSONIP00000020992.2, ENSONIP00000036668.1, ENSONIP00000061949.1",ENSORLP00000016359.2,"ENSPNYP00000015047.1, ENSPNYP00000015090.1, ENSPNYP00000015142.1, ENSPNYP00000015189.1, ENSPNYP00000015230.1, ENSPNYP00000015264.1"
"psen1, psen1, psen1","ENSDARP00000146226, ENSDARP00000136264, ENSDARP00000124467","involved_in, involved_in, involved_in",OG0004433,"ENSACIP00000015686.1, ENSACIP00000015707.1","ENSACLP00000000448.1, ENSACLP00000000459.2, ENSACLP00000068173.1, ENSACLP00000070875.1","ENSDARP00000124467.1, ENSDARP00000124616.1, ENSDARP00000136264.1, ENSDARP00000146226.1",ENSHBUP00000032851.1,"ENSMZEP00005015079.1, ENSMZEP00005015094.1",ENSNBRP00000005750.1,"ENSONIP00000000476.2, ENSONIP00000038548.1, ENSONIP00000051930.1","ENSORLP00000033364.1, ENSORLP00000035089.1, ENSORLP00000044855.1","ENSPNYP00000013735.1, ENSPNYP00000013747.1"
mib1,ENSDARP00000132570,involved_in,OG0004561,ENSACIP00000025463.1,"ENSACLP00000023134.2, ENSACLP00000023195.2, ENSACLP00000023258.2, ENSACLP00000067938.1","ENSDARP00000132570.2, ENSDARP00000135215.2, ENSDARP00000139883.3","ENSHBUP00000008080.1, ENSHBUP00000008089.1, ENSHBUP00000026765.1","ENSMZEP00005032973.1, ENSMZEP00005032976.1",ENSNBRP00000008706.1,"ENSONIP00000011824.2, ENSONIP00000040122.1, ENSONIP00000049614.1, ENSONIP00000055058.1","ENSORLP00000022107.2, ENSORLP00000034874.1","ENSPNYP00000024970.1, ENSPNYP00000024981.1"
gmds,ENSDARP00000094011,acts_upstream_of_or_within,OG0004890,ENSACIP00000014428.1,"ENSACLP00000035983.2, ENSACLP00000035993.2, ENSACLP00000036012.2, ENSACLP00000036016.2, ENSACLP00000061224.1","ENSDARP00000046763.7, ENSDARP00000094011.3, ENSDARP00000119997.1, ENSDARP00000122672.1",ENSHBUP00000020354.1,"ENSMZEP00005022696.1, ENSMZEP00005022702.1",ENSNBRP00000029777.1,"ENSONIP00000008079.2, ENSONIP00000044729.1, ENSONIP00000045401.1, ENSONIP00000077604.1","ENSORLP00000015759.2, ENSORLP00000041953.1",ENSPNYP00000030255.1
"dab2, dab2, dab2","ENSDARP00000047669, ENSDARP00000113909, ENSDARP00000028118","acts_upstream_of_or_within, acts_upstream_of_or_within, acts_upstream_of_or_within",OG0005271,ENSACIP00000005234.1,"ENSACLP00000039994.1, ENSACLP00000040007.2, ENSACLP00000043443.1, ENSACLP00000056804.1","ENSDARP00000028118.8, ENSDARP00000047669.7, ENSDARP00000078297.5, ENSDARP00000113909.1","ENSHBUP00000006140.1, ENSHBUP00000025507.1","ENSMZEP00005006865.1, ENSMZEP00005006878.1",ENSNBRP00000013302.1,"ENSONIP00000013998.1, ENSONIP00000013999.2, ENSONIP00000068973.1","ENSORLP00000003668.2, ENSORLP00000037845.1",ENSPNYP00000001062.1
bbs4,ENSDARP00000104870,acts_upstream_of_or_within,OG0005491,ENSACIP00000017380.1,"ENSACLP00000019941.2, ENSACLP00000054069.1, ENSACLP00000057889.1, ENSACLP00000076399.1","ENSDARP00000087351.4, ENSDARP00000104870.2, ENSDARP00000152309.1",ENSHBUP00000033399.1,ENSMZEP00005018093.1,ENSNBRP00000026579.1,"ENSONIP00000007218.2, ENSONIP00000032485.1, ENSONIP00000041196.1, ENSONIP00000043405.1, ENSONIP00000047061.1, ENSONIP00000052952.1","ENSORLP00000002011.2, ENSORLP00000036860.1",ENSPNYP00000014588.1
"bmp2k, bmp2k","ENSDARP00000140859, ENSDARP00000018789","involved_in, involved_in",OG0005805,ENSACIP00000002831.1,"ENSACLP00000002301.2, ENSACLP00000053797.1","ENSDARP00000018789.8, ENSDARP00000140859.1, ENSDARP00000146403.1, ENSDARP00000150969.1","ENSHBUP00000023921.1, ENSHBUP00000023951.1","ENSMZEP00005027206.1, ENSMZEP00005027210.1","ENSNBRP00000021826.1, ENSNBRP00000021839.1","ENSONIP00000017635.2, ENSONIP00000071319.1, ENSONIP00000072335.1, ENSONIP00000075248.1",ENSORLP00000022286.2,ENSPNYP00000008422.1
"tet3, tet3","ENSDARP00000145927, ENSDARP00000148501","acts_upstream_of_or_within, acts_upstream_of_or_within",OG0005981,"ENSACIP00000012770.1, ENSACIP00000012785.1","ENSACLP00000004881.1, ENSACLP00000004892.2","ENSDARP00000115297.1, ENSDARP00000145927.1, ENSDARP00000148501.1","ENSHBUP00000006107.1, ENSHBUP00000006108.1","ENSMZEP00005001522.1, ENSMZEP00005001529.1",ENSNBRP00000011639.1,"ENSONIP00000019943.2, ENSONIP00000054656.1","ENSORLP00000031952.1, ENSORLP00000037847.1, ENSORLP00000041944.1, ENSORLP00000045427.1",ENSPNYP00000018546.1
neurl1aa,ENSDARP00000091853,involved_in,OG0006123,ENSACIP00000020645.1,"ENSACLP00000009126.1, ENSACLP00000009138.2, ENSACLP00000009163.2, ENSACLP00000009169.2",ENSDARP00000091853.4,"ENSHBUP00000000102.1, ENSHBUP00000021502.1, ENSHBUP00000021509.1","ENSMZEP00005017409.1, ENSMZEP00005017419.1",ENSNBRP00000021432.1,"ENSONIP00000011225.2, ENSONIP00000029811.1, ENSONIP00000055726.1","ENSORLP00000002871.2, ENSORLP00000028057.1, ENSORLP00000044846.1",ENSPNYP00000024280.1
"galnt11, galnt11","ENSDARP00000087595, ENSDARP00000139495","involved_in, involved_in",OG0006671,ENSACIP00000014891.1,"ENSACLP00000025814.2, ENSACLP00000065668.1, ENSACLP00000068735.1","ENSDARP00000087595.4, ENSDARP00000139495.2",ENSHBUP00000026796.1,ENSMZEP00005026910.1,"ENSNBRP00000017243.1, ENSNBRP00000017275.1, ENSNBRP00000017280.1","ENSONIP00000021911.1, ENSONIP00000028144.1, ENSONIP00000044920.1, ENSONIP00000046375.1, ENSONIP00000053244.1",ENSORLP00000040091.1,ENSPNYP00000028961.1
"nle1, nle1, nle1","ENSDARP00000074155, ENSDARP00000122687, ENSDARP00000141676","involved_in, involved_in, involved_in",OG0006727,ENSACIP00000017368.1,"ENSACLP00000032882.2, ENSACLP00000044757.1, ENSACLP00000049754.1, ENSACLP00000054603.1","ENSDARP00000074155.4, ENSDARP00000122687.1, ENSDARP00000141676.1",ENSHBUP00000013267.1,ENSMZEP00005025756.1,ENSNBRP00000011383.1,"ENSONIP00000006071.2, ENSONIP00000061383.1, ENSONIP00000075703.1, ENSONIP00000081516.1","ENSORLP00000006409.2, ENSORLP00000038077.1",ENSPNYP00000026960.1
dlb,ENSDARP00000021660,involved_in,OG0006852,ENSACIP00000023019.1,"ENSACLP00000004976.2, ENSACLP00000004978.2, ENSACLP00000058266.1, ENSACLP00000063049.1, ENSACLP00000066835.1, ENSACLP00000069195.1, ENSACLP00000071306.1, ENSACLP00000071807.1, ENSACLP00000083198.1",ENSDARP00000021660.7,ENSHBUP00000004585.1,"ENSMZEP00005031349.1, ENSMZEP00005031350.1",ENSNBRP00000010255.1,ENSONIP00000019913.1,ENSORLP00000000464.2,ENSPNYP00000020600.1
dla,ENSDARP00000013374,involved_in,OG0007433,ENSACIP00000014244.1,"ENSACLP00000016896.1, ENSACLP00000060447.1, ENSACLP00000069205.1, ENSACLP00000083944.1, ENSACLP00000084045.1","ENSDARP00000013374.6, ENSDARP00000110944.2",ENSHBUP00000014478.1,ENSMZEP00005007132.1,"ENSNBRP00000006943.1, ENSNBRP00000006965.1","ENSONIP00000000251.2, ENSONIP00000036941.1, ENSONIP00000055585.1",ENSORLP00000028786.1,ENSPNYP00000001491.1
"wnt16, wnt16","ENSDARP00000157271, ENSDARP00000122572","acts_upstream_of_or_within, acts_upstream_of_or_within",OG0008977,ENSACIP00000005190.1,ENSACLP00000009914.1,"ENSDARP00000093319.4, ENSDARP00000122572.1, ENSDARP00000157271.1",ENSHBUP00000002189.1,"ENSMZEP00005024335.1, ENSMZEP00005024403.1","ENSNBRP00000023571.1, ENSNBRP00000023587.1","ENSONIP00000035121.1, ENSONIP00000057220.1",ENSORLP00000022913.2,"ENSPNYP00000000952.1, ENSPNYP00000000963.1"
ythdf2,ENSDARP00000107692,acts_upstream_of_or_within,OG0009043,ENSACIP00000007569.1,,"ENSDARP00000107692.1, ENSDARP00000150327.1","ENSHBUP00000025360.1, ENSHBUP00000025369.1, ENSHBUP00000025375.1, ENSHBUP00000025381.1","ENSMZEP00005005568.1, ENSMZEP00005005590.1","ENSNBRP00000031591.1, ENSNBRP00000031593.1",ENSONIP00000052196.1,ENSORLP00000017958.2,"ENSPNYP00000024346.1, ENSPNYP00000024361.1"
maml1,ENSDARP00000134496,involved_in,OG0009593,"ENSACIP00000025422.1, ENSACIP00000025433.1",ENSACLP00000024520.2,"ENSDARP00000102289.3, ENSDARP00000134496.2","ENSHBUP00000003060.1, ENSHBUP00000003078.1","ENSMZEP00005005261.1, ENSMZEP00005005274.1",ENSNBRP00000017662.1,ENSONIP00000005442.2,"ENSORLP00000029132.1, ENSORLP00000037997.1","ENSPNYP00000021354.1, ENSPNYP00000021365.1"
angptl2b,ENSDARP00000121262,acts_upstream_of_or_within,OG0009652,ENSACIP00000027153.1,"ENSACLP00000020265.2, ENSACLP00000053340.1, ENSACLP00000065304.1, ENSACLP00000071325.1",ENSDARP00000121262.1,ENSHBUP00000013137.1,ENSMZEP00005012188.1,ENSNBRP00000010448.1,"ENSONIP00000013726.1, ENSONIP00000027137.1, ENSONIP00000052130.1, ENSONIP00000055242.1",ENSORLP00000016737.2,ENSPNYP00000025425.1
"dtx3, dtx3","ENSDARP00000107053, ENSDARP00000110688","involved_in, involved_in",OG0009860,ENSACIP00000000650.1,ENSACLP00000078732.1,"ENSDARP00000107053.2, ENSDARP00000110688.2, ENSDARP00000146602.1, ENSDARP00000157663.1","ENSHBUP00000021171.1, ENSHBUP00000035360.1",ENSMZEP00005000209.1,ENSNBRP00000018724.1,ENSONIP00000052617.1,ENSORLP00000036139.1,"ENSPNYP00000028761.1, ENSPNYP00000028764.1"
"plvapb, plvapb","ENSDARP00000066163, ENSDARP00000149059","acts_upstream_of_or_within, acts_upstream_of_or_within",OG0010401,ENSACIP00000015943.1,"ENSACLP00000017643.2, ENSACLP00000017708.1","ENSDARP00000066163.4, ENSDARP00000149059.1","ENSHBUP00000003448.1, ENSHBUP00000003461.1, ENSHBUP00000023727.1",ENSMZEP00005025220.1,ENSNBRP00000028359.1,ENSONIP00000012715.2,"ENSORLP00000011131.2, ENSORLP00000045757.1",ENSPNYP00000018517.1
tet2,ENSDARP00000101295,acts_upstream_of_or_within,OG0010768,"ENSACIP00000026383.1, ENSACIP00000026389.1","ENSACLP00000031389.2, ENSACLP00000053311.1","ENSDARP00000101295.2, ENSDARP00000144252.1, ENSDARP00000156471.1",ENSHBUP00000030187.1,ENSMZEP00005026465.1,ENSNBRP00000016850.1,"ENSONIP00000037932.1, ENSONIP00000050411.1",ENSORLP00000032570.1,ENSPNYP00000012641.1
notch2,ENSDARP00000112112,involved_in,OG0011800,"ENSACIP00000017617.1, ENSACIP00000017624.1","ENSACLP00000033259.2, ENSACLP00000033370.1, ENSACLP00000081715.1",ENSDARP00000112112.2,ENSHBUP00000003814.1,ENSMZEP00005007988.1,"ENSNBRP00000013377.1, ENSNBRP00000013409.1",ENSONIP00000005962.1,ENSORLP00000005201.2,ENSPNYP00000021481.1
aak1b,ENSDARP00000058621,involved_in,OG0012044,ENSACIP00000022980.1,"ENSACLP00000025507.2, ENSACLP00000045766.1","ENSDARP00000058621.5, ENSDARP00000123653.1",ENSHBUP00000018463.1,ENSMZEP00005024376.1,"ENSNBRP00000002709.1, ENSNBRP00000002720.1","ENSONIP00000004392.2, ENSONIP00000004393.2",ENSORLP00000011154.2,ENSPNYP00000013573.1
susd5,ENSDARP00000109477,involved_in,OG0012164,ENSACIP00000026005.1,ENSACLP00000027614.2,ENSDARP00000109477.2,"ENSHBUP00000016303.1, ENSHBUP00000016315.1","ENSMZEP00005007233.1, ENSMZEP00005007239.1",ENSNBRP00000014481.1,ENSONIP00000002952.2,"ENSORLP00000035806.1, ENSORLP00000039594.1, ENSORLP00000044197.1",ENSPNYP00000013338.1
"bloc1s2, bloc1s2, bloc1s2","ENSDARP00000110597, ENSDARP00000121837, ENSDARP00000119553","acts_upstream_of_or_within, acts_upstream_of_or_within, acts_upstream_of_or_within",OG0013328,ENSACIP00000017499.1,ENSACLP00000019846.2,"ENSDARP00000110597.2, ENSDARP00000119553.1, ENSDARP00000121837.1",ENSHBUP00000015305.1,ENSMZEP00005026561.1,ENSNBRP00000031421.1,"ENSONIP00000028756.1, ENSONIP00000040366.1",ENSORLP00000002105.2,ENSPNYP00000011485.1
mettl3,ENSDARP00000022188,acts_upstream_of_or_within,OG0013691,ENSACIP00000025653.1,"ENSACLP00000014197.1, ENSACLP00000014211.2",ENSDARP00000022188.6,"ENSHBUP00000017666.1, ENSHBUP00000017684.1",ENSMZEP00005028475.1,ENSNBRP00000031540.1,ENSONIP00000011724.1,ENSORLP00000009027.1,"ENSPNYP00000028564.1, ENSPNYP00000028572.1"
zmp:0000001236,ENSDARP00000151452,involved_in,OG0013924,ENSACIP00000030926.1,ENSACLP00000033847.2,ENSDARP00000151452.1,ENSHBUP00000021622.1,"ENSMZEP00005032290.1, ENSMZEP00005032291.1",ENSNBRP00000002917.1,"ENSONIP00000007216.2, ENSONIP00000007217.2","ENSORLP00000030891.1, ENSORLP00000034917.1",ENSPNYP00000012439.1
pofut1,ENSDARP00000008366,involved_in,OG0014516,ENSACIP00000008838.1,ENSACLP00000046774.1,ENSDARP00000008366.7,ENSHBUP00000025020.1,ENSMZEP00005029723.1,ENSNBRP00000026055.1,"ENSONIP00000000606.1, ENSONIP00000054321.1","ENSORLP00000002886.1, ENSORLP00000040322.1",ENSPNYP00000010979.1
prss23,ENSDARP00000142618,acts_upstream_of_or_within,OG0014711,ENSACIP00000013128.1,"ENSACLP00000027046.1, ENSACLP00000046292.1","ENSDARP00000072648.4, ENSDARP00000142618.1",ENSHBUP00000029092.1,ENSMZEP00005006886.1,ENSNBRP00000000300.1,ENSONIP00000026672.2,ENSORLP00000002629.2,ENSPNYP00000018479.1
hey1,ENSDARP00000094416,involved_in,OG0015032,ENSACIP00000019976.1,ENSACLP00000023077.1,ENSDARP00000094416.4,"ENSHBUP00000001419.1, ENSHBUP00000022373.1","ENSMZEP00005004840.1, ENSMZEP00005004856.1",ENSNBRP00000016972.1,ENSONIP00000068691.1,ENSORLP00000045170.1,ENSPNYP00000015516.1
neurod1,ENSDARP00000026490,acts_upstream_of_or_within,OG0017053,ENSACIP00000025987.1,ENSACLP00000060293.1,ENSDARP00000026490.5,ENSHBUP00000009021.1,ENSMZEP00005028777.1,ENSNBRP00000025447.1,"ENSONIP00000008678.2, ENSONIP00000057365.1",ENSORLP00000027936.1,ENSPNYP00000013922.1
dtx3lb.2,ENSDARP00000135458,involved_in,OG0020644,,,"ENSDARP00000103082.4, ENSDARP00000128800.1, ENSDARP00000129080.1, ENSDARP00000129246.1, ENSDARP00000135458.1, ENSDARP00000154477.1, ENSDARP00000156150.1",,,,,,
hif1aa,ENSDARP00000044281,acts_upstream_of_or_within,OG0024283,,,"ENSDARP00000044281.5, ENSDARP00000114543.1, ENSDARP00000123106.1",,,,,,
"dtx3la, dtx3la, dtx3la","ENSDARP00000128653, ENSDARP00000129761, ENSDARP00000109778","involved_in, involved_in, involved_in",OG0024381,,,"ENSDARP00000109778.1, ENSDARP00000128653.1, ENSDARP00000129761.1",,,,,,
si:ch211-194k22.8,ENSDARP00000127416,involved_in,OG0027169,,,"ENSDARP00000127416.1, ENSDARP00000129460.1",,,,,,
jag1a,ENSDARP00000121170,involved_in,OG0027743,,,"ENSDARP00000047850.7, ENSDARP00000121170.1",,,,,,
